﻿<?xml version="1.0" encoding="utf-8"?>
<DeviceCapabilities xsi:schemaLocation="http://www.pwg.org/schemas/upd/2.0/                                         ..\..\..\..\..\PDK\V3V4\Schemas\updf2\updf.xsd                                         http://schemas.monotypeimaging.com/upd/2.0/                                         ..\..\..\..\..\PDK\V3V4\Schemas\updf2\MTI\MTIDataTypes.xsd                                          http://schemas.monotypeimaging.com/upd/oem/1/                                         ..\..\..\..\..\PDK\V3V4\HP-Stanley\Schemas\Updf2\OEMDataTypes.xsd" xmlns="http://www.pwg.org/schemas/upd/2.0/" xmlns:mti="http://schemas.monotypeimaging.com/upd/2.0/" xmlns:oemupdf="http://schemas.monotypeimaging.com/upd/oem/1/" xmlns:oemptpc="http://schemas.monotype.com/ptpc/oem/1" xmlns:xsi="http://www.w3.org/2001/XMLSchema-instance" xmlns:psk="http://schemas.microsoft.com/windows/2003/08/printing/printschemakeywords" FileTypeIdentification="device description" UPDFVersion="2.00.00.00">
  <FileInfo FileVersion="8.00.1329.6536" />
  <DeviceHeader ModelName="STR_MODEL_NAME" ProductName="HP LaserJet Pro M404-M405">
    <About AboutStatement="STR_MODEL_NAME" />
    <About AboutStatement="IDS_ABOUT_HP_COPYRIGHT1" />
    <About AboutStatement="IDS_ABOUT_HP_COPYRIGHT2" />
  </DeviceHeader>
  <PrintCapabilities>
    <Header>
      <Engine EngineType="laser" />
      <Languages>
        <PageDescriptionLanguage PDLMajorLevel="application/vnd.hp-PCL6" PDLMinorLevel="3" />
        <VendorExtension>
          <oemupdf:PrintTicketInfo PreferredPrefix="oemptpc" URI="http://schemas.monotype.com/ptpc/oem/1" />
          <mti:LanguageFeatures>
            <mti:LanguageFeature ClassifyingID="PCL6-OrientDuplex" />
            <mti:LanguageFeature ClassifyingID="PCL6-DeltaRow" />
            <mti:LanguageFeature ClassifyingID="PCL6-Jpeg" />
            <mti:LanguageFeature ClassifyingID="PCL6-PageColorCmds" />
          </mti:LanguageFeatures>
        </VendorExtension>
      </Languages>
      <VendorExtension>
        <oemupdf:PrinterDriverInfo OEMLongName="Hewlett-Packard" OEMShortName="HP">
          <oemupdf:v3-XPS DriverName="HP LaserJet Pro M404-M405 PCL 6 (V3)">
            <oemupdf:PipelineConfig install="hpmoC12A_x64PipelineConfig.xml" />
            <oemupdf:FilterCore original="" install="hpb6sy6536_x64xps.dll" name="Monotype XPS.PCL6 Filter" />
            <oemupdf:OCM original="" install="hpb6sy6536_x64hybrasto.dll" />
            <oemupdf:INF install="hpmoC12A_x64.inf" />
            <oemupdf:DataFile original="" install="hpmoC12A_x64Cfg.xml" />
            <oemupdf:GUI original="" install="hpb6sy6536_x64gui.dll" />
            <oemupdf:PlatformDependent original="" install="hpb6sy6536_x64enus.dll" />
            <oemupdf:PlatformDependent original="" install="hpb6sy6536_x64dlg.dll" />
            <oemupdf:PlatformIndependent original="" install="hpmoC12A_x64.ini" />
            <oemupdf:PlatformIndependent original="" install="hpb6sy6536_x64help.cab" />
            <oemupdf:PlatformIndependent original="datamap.xml" install="hpb6sy6536datamap.xml" />
            <oemupdf:PlatformIndependent original="buiox64.dll" install="hpb6sy6536x64_buio.dll" />
            <oemupdf:PlatformIndependent original="buiodmx64.dll" install="hpb6sy6536x64_buiodm.dll" />
            <oemupdf:PlatformIndependent original="coinsx64.dll" install="hpb6sy6536x64_coins.dll" />
            <oemupdf:PlatformIndependent original="" install="hpb6sy6536_x64hpfime53.dll" />
            <oemupdf:PlatformIndependent original="" install="hpb6sy6536_x64EasyColorPrefilter.dll" />
            <oemupdf:PlatformIndependent original="" install="hpb6sy6536_x64PdsmqConnector.exe" />
            <oemupdf:PlatformIndependent original="" install="hpb6sy6536_x64PdsmqConnector.PdsmqConfig.xml" />
            <oemupdf:PlatformIndependent original="" install="hpb6sy6536_x64ewdm.xml" />
          </oemupdf:v3-XPS>
          <oemupdf:v4-XPS GUID="{1557c943-4b2a-4d20-b01a-2340e4d2915f}" MSXPS="true" OpenXPS="true" DriverName="HP LaserJet Pro M404-M405 PCL-6 (V4)">
            <oemupdf:Manifest install="hpmoC12A4_x64-manifest.ini" />
            <oemupdf:PipelineConfig install="hpmoC12A4_x64-PipelineConfig.xml" />
            <oemupdf:GDL install="hpmoC12A4_x64cfg.gdl" />
            <oemupdf:INF install="hpmoC12A4_x64.inf" />
            <oemupdf:DataFile install="hpmoC12A4_x64cfg.gpd" />
            <oemupdf:FilterCore original="" install="hpb6sy6536_x64pcl6.dll" name="Monotype V4.PCL6 Filter" />
            <oemupdf:OCM original="" install="hpb6sy6536_x64hybrasto.dll" />
            <oemupdf:PrinterExtension original="" install="hpPE.exe" />
            <oemupdf:UIResource original="" install="hpb6sy6536_x64uires.dll" />
            <oemupdf:UISymbols original="StringsCluster.gpd" original2="StringsCluster.gpd" original3="StringsCluster_UISymbols.gpd" install="hpmoC12A4_x64symbols.gpd" />
            <oemupdf:DevModeMap original="" install="hpb6sy6536_x64map.xml" />
            <oemupdf:QueueProps original="" install="hpb6sy6536_x64que.xml" />
            <oemupdf:Constraints original="" install="hpb6sy6536_x64constraints.js" />
            <oemupdf:PropertyBag install="hpmoC12A4_x64drv.bag" />
            <oemupdf:Event original="bidi-Event.xml" install="hpb6sy6536bidi-Event.xml" />
            <oemupdf:BidiSPM original="Bidi-SNMP.xml" install="hpb6sy6536Bidi-SNMP.xml" />
            <oemupdf:BidiWSD original="bidi-WSD.xml" install="hpb6sy6536bidi-WSD.xml" />
            <oemupdf:BidiUSB original="bidi-IPPoverUSB.xml" install="hpb6sy6536_bidi-IPPoverUSB.xml" />
            <oemupdf:BidiUSBJS original="bidi-IPPoverUSB.js" install="hpb6sy6536_bidi-IPPoverUSB.js" />
            <oemupdf:PlatformDependent original="" install="userfors.dll" />
            <oemupdf:PlatformIndependent original="" install="hpb6sy6536_x64help.cab" />
            <oemupdf:PlatformIndependent original="" install="hpPELib.dll" />
            <oemupdf:PlatformIndependent original="" install="hpb6sy6536_x64hpfime53.dll" />
            <oemupdf:PlatformIndependent original="" install="hpb6sy6536_x64EasyColorPrefilter.dll" />
            <oemupdf:PlatformIndependent original="" install="hpb6sy6536_x64PdsmqConnector.exe" />
            <oemupdf:PlatformIndependent original="" install="hpb6sy6536_x64PdsmqConnector.PdsmqConfig.xml" />
          </oemupdf:v4-XPS>
          <oemupdf:DefaultWorldWide Enable="true"></oemupdf:DefaultWorldWide>
        </oemupdf:PrinterDriverInfo>
        <mti:XpsFilterConfiguration>
          <mti:General>
            <mti:Features>
              <mti:PageOrder Enable="true" ReverseDuplex="false" />
              <mti:DocCollate Enable="true" />
              <mti:JobCollate Enable="true" />
              <mti:JobCopyCount Enable="true" />
              <mti:DocCopyCount Enable="true" />
              <mti:PageCopyCount Enable="true" />
              <mti:NUp Enable="true" />
              <mti:Watermarks Enable="true" />
              <mti:MtiCovers Enable="true" />
              <mti:Booklet Enable="true" />
              <mti:Overlays Enable="true" />
              <mti:Interleaves Enable="true" />
              <mti:Poster Enable="true" />
              <mti:Scaling Enable="true" />
              <mti:Exceptions Enable="true" />
              <mti:PageRanges Enable="true" />
              <mti:BindingShift Enable="true" />
              <mti:MirrorImage Enable="false" />
              <mti:SmartDuplex Enable="true" Auto="true" />
            </mti:Features>
            <mti:Memory>
              <mti:Scheme Physical="0" ManagedArena="0" GenericPool="10" ResourcePool="10" LanguagePool="10" Band="1024" TexturePool="4096" TextureNodes="0" ColorNodes="4096" Input="4096" Output="4096" />
              <mti:Scheme Physical="1024000" ManagedArena="0" GenericPool="65536" ResourcePool="131070" LanguagePool="131070" Band="1024" TexturePool="4096" TextureNodes="0" ColorNodes="4096" Input="4096" Output="4096" />
              <mti:Scheme Physical="2048000" ManagedArena="0" GenericPool="131070" ResourcePool="262144" LanguagePool="262144" Band="1024" TexturePool="8192" TextureNodes="0" ColorNodes="4096" Input="4096" Output="4096" />
            </mti:Memory>
            <mti:Optimizations>
              <mti:FlattenStrokes Enable="false" />
              <mti:FlattenLinearGradient Enable="true" Granularity="12" />
              <mti:FlattenRadialGradient Enable="true" Granularity="12" />
              <mti:FlattenCurves Enable="false" Granularity="10" />
              <mti:FlattenOpacityMask Enable="false" />
              <mti:FlattenThinStrokes Enable="true" AbsoluteMin="0.16" AbsoluteMax="0.48" />
              <mti:FlattenTinyTilesImg Enable="true" Threshold="1.28" />
              <mti:FlattenTinyTilesVisBrush Enable="true" Threshold="1.28" />
              <mti:FlattenOpacity Enable="false" />
              <mti:ConvertImages Enable="false" Wdp="TIFF,NONE" Tiff="WDP,JPEG,NONE" Png="JPEG,PNG,TIFF" Jpeg="TIFF,PNG" />
              <mti:GlyphsGreek Enable="false" Threshold="1" />
              <mti:GlyphsVectorize Enable="true" Threshold="4096" />
            </mti:Optimizations>
            <mti:Options>
              <mti:CollectInsets Enable="false" />
              <mti:ObeyDiscards Enable="true" />
              <mti:NUpEjectOnNewSize Enable="false" />
              <mti:NUpScaleMedia Enable="true" />
              <mti:NUpSingleLayout Enable="true" />
              <mti:NUpMismatchRotate Enable="true" Angle="90" />
              <mti:WmZoom Enable="false" />
              <mti:WmZoomClip Enable="false" />
              <mti:DocumentRelationSearch Enable="true" Distance="3" />
              <mti:DeepQueryImageColor Enable="true" />
            </mti:Options>
            <mti:Rendering>
              <mti:Blend ColorSpace="sRGB" Force="false" />
              <mti:Glyphs Rasterizer="UFST" BoldSimulationEmPercent="2.0" ItalicSimulationShearDegrees="20.0" />
              <mti:ImageTransform Upscale="NearestNeighbor" Downscale="NearestNeighbor" />
            </mti:Rendering>
          </mti:General>
          <mti:Cxl>
            <mti:Options>
              <mti:NoBitmasks Enable="false" />
              <mti:DebugInvertRaster Enable="false" />
              <mti:DebugOutputBounds Enable="false" />
              <mti:DebugWriteBands Enable="false" />
              <mti:JpegPassthrough Enable="false" />
            </mti:Options>
            <mti:Optimizations>
              <mti:JpegCompression Enable="false" Level="95" />
            </mti:Optimizations>
          </mti:Cxl>
        </mti:XpsFilterConfiguration>
      </VendorExtension>
    </Header>
    <Features>
      <PrinterResolution ID="PrinterResolution" DefaultSetting="Normal">
        <PrinterResolutionRecord ID="Normal" ClassifyingID="Resolution_600x600" StringID="IDS_NORMAL">
          <VendorExtension>
            <mti:PJLCommand value="@PJL SET PRINTQUALITY=NORMAL" />
          </VendorExtension>
        </PrinterResolutionRecord>
        <PrinterResolutionRecord ID="FineLines_MaxDPI" ClassifyingID="Resolution_1200x1200" StringID="IDS_HP_PC_MAX">
          <VendorExtension>
            <mti:PJLCommand value="@PJL SET PRINTQUALITY=MAX" />
          </VendorExtension>
        </PrinterResolutionRecord>
        <PrinterResolutionRecord ID="EconoMode" ClassifyingID="Resolution_600x600" StringID="IDS_ECONOMODE_Q206">
          <VendorExtension>
            <mti:PJLCommand value="@PJL SET ECONOMODE=ON" />
          </VendorExtension>
        </PrinterResolutionRecord>
      </PrinterResolution>
      <Copies ID="Copies" DefaultSetting="1">
        <VariableValue ID="CopyCount" Minimum="1" Maximum="9999" Step="1" />
      </Copies>
      <Collation ID="Collation" DefaultSetting="Collated">
        <CollationRecord ID="Uncollated" ClassifyingID="Uncollated" />
        <CollationRecord ID="Collated" ClassifyingID="Collated" />
      </Collation>
      <OrientationRequested ID="OrientationRequested" DefaultSetting="Portrait">
        <OrientationRequestedRecord ID="Portrait" ClassifyingID="Portrait" />
        <OrientationRequestedRecord ID="Landscape" ClassifyingID="Landscape" />
      </OrientationRequested>
      <MediaSize ID="MediaSize" StringID="IDS_PAPER_SIZE_TROJA">
        <MediaSizeRecord ID="LETTER" ClassifyingID="na_letter_8.5x11in" HardwareMargins="margins_left-0.167_top-0.167_right-0.167_bottom-0.167in" StringID="IDS_LETTER">
          <Parameter Value="LETTER" />
          <VendorExtension>
            <mti:PrintTicketOptionName name="psk:NorthAmericaLetter" />
          </VendorExtension>
        </MediaSizeRecord>
        <MediaSizeRecord ID="LEGAL" ClassifyingID="na_legal_8.5x14in" HardwareMargins="margins_left-0.167_top-0.167_right-0.167_bottom-0.167in" StringID="IDS_LEGAL">
          <Parameter Value="LEGAL" />
          <VendorExtension>
            <mti:PrintTicketOptionName name="psk:NorthAmericaLegal" />
          </VendorExtension>
        </MediaSizeRecord>
        <MediaSizeRecord ID="Executive" ClassifyingID="na_executive_7.25x10.5in" HardwareMargins="margins_left-0.167_top-0.167_right-0.167_bottom-0.167in" StringID="IDS_MSIZE_EXECUTIVE">
          <Parameter Value="EXEC" />
          <VendorExtension>
            <mti:PrintTicketOptionName name="psk:NorthAmericaExecutive" />
            <oemupdf:ForceManualDuplex />
          </VendorExtension>
        </MediaSizeRecord>
        <MediaSizeRecord ID="Statement" ClassifyingID="na_invoice_5.5x8.5in" HardwareMargins="margins_left-0.167_top-0.167_right-0.167_bottom-0.167in" StringID="IDS_STATEMENT">
          <Parameter Value="STATEMENT" />
          <VendorExtension>
            <mti:PrintTicketOptionName name="psk:NorthAmericaStatement" />
            <oemupdf:ForceManualDuplex />
          </VendorExtension>
        </MediaSizeRecord>
        <MediaSizeRecord ID="Officio8.5x13" ClassifyingID="na_foolscap_8.5x13in" HardwareMargins="margins_left-0.167_top-0.167_right-0.167_bottom-0.167in" StringID="STR_OFFICIO_8_5x13in">
          <Parameter Value="8.5x13" />
          <VendorExtension>
            <mti:PrintTicketOptionName name="oemptpc:Officio8.5x13" />
          </VendorExtension>
        </MediaSizeRecord>
        <MediaSizeRecord ID="Index4x6" ClassifyingID="na_index_4x6in" HardwareMargins="margins_left-0.167_top-0.167_right-0.167_bottom-0.167in" StringID="IDS_PSIZE_4_X_6">
          <Parameter Value="4x6" />
          <VendorExtension>
            <mti:PrintTicketOptionName name="psk:NorthAmerica4x6" />
            <oemupdf:ForceManualDuplex />
          </VendorExtension>
        </MediaSizeRecord>
        <MediaSizeRecord ID="Index5x8" ClassifyingID="na_index-5x8_5x8in" HardwareMargins="margins_left-0.167_top-0.167_right-0.167_bottom-0.167in" StringID="IDS_PSIZE_5_X_8">
          <Parameter Value="5x8" />
          <VendorExtension>
            <mti:PrintTicketOptionName name="oemptpc:5x8" />
            <oemupdf:ForceManualDuplex />
          </VendorExtension>
        </MediaSizeRecord>
        <MediaSizeRecord ID="A4" ClassifyingID="iso_a4_210x297mm" HardwareMargins="margins_left-0.167_top-0.167_right-0.167_bottom-0.167in" StringID="IDS_MSIZE_A4">
          <Parameter Value="A4" />
          <VendorExtension>
            <mti:PrintTicketOptionName name="psk:ISOA4" />
          </VendorExtension>
        </MediaSizeRecord>
        <MediaSizeRecord ID="A5" ClassifyingID="iso_a5_148x210mm" HardwareMargins="margins_left-0.167_top-0.167_right-0.167_bottom-0.167in" StringID="IDS_A5">
          <Parameter Value="A5" />
          <VendorExtension>
            <mti:PrintTicketOptionName name="psk:ISOA5" />
            <oemupdf:ForceManualDuplex />
          </VendorExtension>
        </MediaSizeRecord>
        <MediaSizeRecord ID="A6" ClassifyingID="iso_a6_105x148mm" HardwareMargins="margins_left-0.167_top-0.167_right-0.167_bottom-0.167in" StringID="IDS_MSIZE_A6">
          <Parameter Value="A6" />
          <VendorExtension>
            <mti:PrintTicketOptionName name="psk:ISOA6" />
            <oemupdf:ForceManualDuplex />
          </VendorExtension>
        </MediaSizeRecord>
        <MediaSizeRecord ID="JIS-B5" ClassifyingID="jis_b5_182x257mm" HardwareMargins="margins_left-0.167_top-0.167_right-0.167_bottom-0.167in" StringID="IDS_MSIZE_B5_JIS">
          <Parameter Value="JIS B5" />
          <VendorExtension>
            <mti:PrintTicketOptionName name="psk:JISB5" />
            <oemupdf:ForceManualDuplex />
          </VendorExtension>
        </MediaSizeRecord>
        <MediaSizeRecord ID="JIS-B6" ClassifyingID="jis_b6_128x182mm" HardwareMargins="margins_left-0.167_top-0.167_right-0.167_bottom-0.167in" StringID="IDS_B6_JIS">
          <Parameter Value="JIS B6" />
          <VendorExtension>
            <mti:PrintTicketOptionName name="psk:JISB6" />
            <oemupdf:ForceManualDuplex />
          </VendorExtension>
        </MediaSizeRecord>
        <MediaSizeRecord ID="Index10x15" ClassifyingID="om_smallphoto_100x150mm" HardwareMargins="margins_left-0.167_top-0.167_right-0.167_bottom-0.167in" StringID="IDS_MSIZE_10X15_CM">
          <Parameter Value="10x15 cm" />
          <VendorExtension>
            <mti:PrintTicketOptionName name="oemptpc:INDEX10x15cm" />
            <oemupdf:ForceManualDuplex />
          </VendorExtension>
        </MediaSizeRecord>
        <MediaSizeRecord ID="Officio216x340mm" ClassifyingID="om_legal_215.9x340mm" HardwareMargins="margins_left-0.167_top-0.167_right-0.167_bottom-0.167in" StringID="STR_OFF_216x340mm">
          <Parameter Value="OFICIO 216X340MM" />
          <VendorExtension>
            <mti:PrintTicketOptionName name="oemptpc:Officio216x340mm" />
            <oemupdf:ForceManualDuplex />
          </VendorExtension>
        </MediaSizeRecord>
        <MediaSizeRecord ID="ROC-16K195x270" ClassifyingID="prc_16k_195x270mm" HardwareMargins="margins_left-0.167_top-0.167_right-0.167_bottom-0.167in" StringID="IDS_MSIZE_16k_MM_Q306">
          <Parameter Value="16K 195X270MM" />
          <VendorExtension>
            <mti:PrintTicketOptionName name="oemptpc:ROC-16K195x270" />
            <oemupdf:ForceManualDuplex />
          </VendorExtension>
        </MediaSizeRecord>
        <MediaSizeRecord ID="ROC-16K184x260" ClassifyingID="prc_16k_184x260mm" HardwareMargins="margins_left-0.167_top-0.167_right-0.167_bottom-0.167in" StringID="IDS_MSIZE_16k_184_MM_Q306">
          <Parameter Value="16K 184X260MM" />
          <VendorExtension>
            <mti:PrintTicketOptionName name="oemptpc:ROC-16K184x260" />
            <oemupdf:ForceManualDuplex />
          </VendorExtension>
        </MediaSizeRecord>
        <MediaSizeRecord ID="ROC-16K197x273" ClassifyingID="prc_16k_197x273mm" HardwareMargins="margins_left-0.167_top-0.167_right-0.167_bottom-0.167in" StringID="IDS_MSIZE_16K_197X273">
          <Parameter Value="ROC16K" />
          <VendorExtension>
            <mti:PrintTicketOptionName name="oemptpc:ROC-16K197x273" />
            <oemupdf:ForceManualDuplex />
          </VendorExtension>
        </MediaSizeRecord>
        <MediaSizeRecord ID="Hagaki" ClassifyingID="jpn_hagaki_100x148mm" HardwareMargins="margins_left-0.167_top-0.167_right-0.167_bottom-0.167in" StringID="IDS_JAPAN_POST">
          <Parameter Value="JPOST" />
          <VendorExtension>
            <mti:PrintTicketOptionName name="psk:JapanHagakiPostcard" />
            <oemupdf:ForceManualDuplex />
          </VendorExtension>
        </MediaSizeRecord>
        <MediaSizeRecord ID="Oufuku" ClassifyingID="jpn_oufuku_148x200mm" HardwareMargins="margins_left-0.167_top-0.167_right-0.167_bottom-0.167in" StringID="IDS_DBL_JAPAN_POST_ROTATED">
          <Parameter Value="JPOSTD" />
          <VendorExtension>
            <mti:PrintTicketOptionName name="psk:JapanDoubleHagakiPostcardRotated" />
            <oemupdf:ForceManualDuplex />
          </VendorExtension>
        </MediaSizeRecord>
        <MediaSizeRecord ID="Env10" ClassifyingID="na_number-10_4.125x9.5in" HardwareMargins="margins_left-0.167_top-0.167_right-0.167_bottom-0.167in" StringID="IDS_MSIZE_ENV_10">
          <Parameter Value="COM10" />
          <VendorExtension>
            <mti:PrintTicketOptionName name="psk:NorthAmericaNumber10Envelope" />
          </VendorExtension>
        </MediaSizeRecord>
        <MediaSizeRecord ID="EnvMonarch" ClassifyingID="na_monarch_3.875x7.5in" HardwareMargins="margins_left-0.167_top-0.167_right-0.167_bottom-0.167in" StringID="IDS_MSIZE_ENV_MONARCH">
          <Parameter Value="MONARCH" />
          <VendorExtension>
            <mti:PrintTicketOptionName name="psk:NorthAmericaMonarchEnvelope" />
          </VendorExtension>
        </MediaSizeRecord>
        <MediaSizeRecord ID="EnvB5" ClassifyingID="iso_b5_176x250mm" HardwareMargins="margins_left-0.167_top-0.167_right-0.167_bottom-0.167in" StringID="IDS_MSIZE_ENV_B5">
          <Parameter Value="B5 ENV" />
          <VendorExtension>
            <mti:PrintTicketOptionName name="psk:ISOB5Envelope" />
          </VendorExtension>
        </MediaSizeRecord>
        <MediaSizeRecord ID="EnvC5" ClassifyingID="iso_c5_162x229mm" HardwareMargins="margins_left-0.167_top-0.167_right-0.167_bottom-0.167in" StringID="IDS_MSIZE_ENV_C5">
          <Parameter Value="C5" />
          <VendorExtension>
            <mti:PrintTicketOptionName name="psk:ISOC5Envelope" />
          </VendorExtension>
        </MediaSizeRecord>
        <MediaSizeRecord ID="EnvDL" ClassifyingID="iso_dl_110x220mm" HardwareMargins="margins_left-0.167_top-0.167_right-0.167_bottom-0.167in" StringID="IDS_MSIZE_ENV_DL">
          <Parameter Value="DL" />
          <VendorExtension>
            <mti:PrintTicketOptionName name="psk:ISODLEnvelope" />
          </VendorExtension>
        </MediaSizeRecord>
        <MediaSizeRecord ID="Custom" ClassifyingID="custom" HardwareMargins="margins_left-0.167_top-0.167_right-0.167_bottom-0.167in">
          <VendorExtension>
            <mti:PrintTicketOptionName name="oemptpc:Custom" />
            <oemupdf:ForceManualDuplex />
          </VendorExtension>
        </MediaSizeRecord>
      </MediaSize>
      <MediaType ID="MediaType" DefaultSetting="AutoSelectMediaType" StringID="IDS_PAPER_TYPE_WTCL">
        <MediaTypeRecord ID="AutoSelectMediaType" ClassifyingID="auto-select" StringID="IDS_UNSPECIFIED_TYPE">
          <Parameter Value="Unknown" />
          <VendorExtension>
            <mti:PrintTicketOptionName name="psk:AutoSelect" />
          </VendorExtension>
        </MediaTypeRecord>
        <MediaTypeRecord ID="Plain" ClassifyingID="custom-media-type-plain" StringID="IDS_PLAIN_TYPE">
          <Parameter Value="Plain" />
          <VendorExtension>
            <mti:PrintTicketOptionName name="psk:Plain" />
          </VendorExtension>
        </MediaTypeRecord>
        <MediaTypeRecord ID="HPEcoFFICIENT" ClassifyingID="custom-media-type-hpecosmartlite" StringID="IDS_HP_ECOFFICIENT">
          <Parameter Value="HPEcoSmartLite" />
          <VendorExtension>
            <mti:PrintTicketOptionName name="oemptpc:HPEcoSMARTLite" />
          </VendorExtension>
        </MediaTypeRecord>
        <MediaTypeRecord ID="Light60-74g" ClassifyingID="custom-media-type-light" StringID="IDS_MTYPE_LJ_LIGHT_60_70">
          <Parameter Value="Light" />
          <VendorExtension>
            <mti:PrintTicketOptionName name="oemptpc:light" />
          </VendorExtension>
        </MediaTypeRecord>
        <MediaTypeRecord ID="Intermediate85-95g" ClassifyingID="custom-media-type-intermediate" StringID="IDS_MTYPE_LJ_INTERMEDIATE_85_95">
          <Parameter Value="Intermediate" />
          <VendorExtension>
            <mti:PrintTicketOptionName name="oemptpc:intermediate" />
          </VendorExtension>
        </MediaTypeRecord>
        <MediaTypeRecord ID="Mid-Weight96-110g" ClassifyingID="custom-media-type-midweight" StringID="IDS_MTYPE_LJ_HP_MID_WEIGHT_96_110">
          <Parameter Value="Mid Weight" />
          <VendorExtension>
            <mti:PrintTicketOptionName name="oemptpc:midweight" />
          </VendorExtension>
        </MediaTypeRecord>
        <MediaTypeRecord ID="Heavy111-130g" ClassifyingID="custom-media-type-heavy" StringID="IDS_MTYPE_HEAVY_111_130">
          <Parameter Value="Heavy" />
          <VendorExtension>
            <mti:PrintTicketOptionName name="oemptpc:heavy" />
            <oemupdf:ForceManualDuplex />
          </VendorExtension>
        </MediaTypeRecord>
        <MediaTypeRecord ID="ExtraHeavy131-175g" ClassifyingID="custom-media-type-extraheavy" StringID="IDS_MTYPE_EXTRAHEAVY_131_175">
          <Parameter Value="Extra Heavy" />
          <VendorExtension>
            <mti:PrintTicketOptionName name="oemptpc:extraHeavy" />
            <oemupdf:ForceManualDuplex />
          </VendorExtension>
        </MediaTypeRecord>
        <MediaTypeRecord ID="Labels" ClassifyingID="custom-media-type-labels" StringID="IDS_LABELS_TYPE">
          <Parameter Value="Labels" />
          <VendorExtension>
            <mti:PrintTicketOptionName name="psk:Label" />
          </VendorExtension>
        </MediaTypeRecord>
        <MediaTypeRecord ID="Letterhead" ClassifyingID="custom-media-type-stationery-letterhead" StringID="IDS_LETTERHEAD_TYPE">
          <Parameter Value="Letterhead" />
          <VendorExtension>
            <mti:PrintTicketOptionName name="oemptpc:stationery-letterhead" />
          </VendorExtension>
        </MediaTypeRecord>
        <MediaTypeRecord ID="Envelope" ClassifyingID="custom-media-type-envelope" StringID="IDS_MTYPE_ENVELOPE">
          <Parameter Value="Envelope" />
          <VendorExtension>
            <mti:PrintTicketOptionName name="psk:EnvelopePlain" />
          </VendorExtension>
        </MediaTypeRecord>
        <MediaTypeRecord ID="Preprinted" ClassifyingID="custom-media-type-stationery-preprinted" StringID="IDS_PREPRINTED_TYPE">
          <Parameter Value="Preprinted" />
          <VendorExtension>
            <mti:PrintTicketOptionName name="oemptpc:stationery-preprinted" />
          </VendorExtension>
        </MediaTypeRecord>
        <MediaTypeRecord ID="Prepunched" ClassifyingID="custom-media-type-stationery-prepunched" StringID="IDS_PREPUNCHED_TYPE">
          <Parameter Value="Prepunched" />
          <VendorExtension>
            <mti:PrintTicketOptionName name="oemptpc:stationery-prepunched" />
          </VendorExtension>
        </MediaTypeRecord>
        <MediaTypeRecord ID="Colored" ClassifyingID="custom-media-type-color" StringID="IDS_MTYPE_COLORED">
          <Parameter Value="Color" />
          <VendorExtension>
            <mti:PrintTicketOptionName name="oemptpc:color" />
          </VendorExtension>
        </MediaTypeRecord>
        <MediaTypeRecord ID="Bond" ClassifyingID="custom-media-type-bond" StringID="IDS_BOND_TYPE">
          <Parameter Value="Bond" />
          <VendorExtension>
            <mti:PrintTicketOptionName name="psk:Bond" />
          </VendorExtension>
        </MediaTypeRecord>
        <MediaTypeRecord ID="Recycled" ClassifyingID="custom-media-type-recycled" StringID="IDS_RECYCLED_TYPE">
          <Parameter Value="Recycled" />
          <VendorExtension>
            <mti:PrintTicketOptionName name="oemptpc:recycled" />
          </VendorExtension>
        </MediaTypeRecord>
        <MediaTypeRecord ID="Rough" ClassifyingID="custom-media-type-rough" StringID="IDS_ROUGH_TYPE">
          <Parameter Value="Rough" />
          <VendorExtension>
            <mti:PrintTicketOptionName name="oemptpc:rough" />
            <oemupdf:ForceManualDuplex />
          </VendorExtension>
        </MediaTypeRecord>
      </MediaType>
      <MediaInputTrayCheck ID="MediaInputTrayCheck" DefaultSetting="PrinterAutoSelectInputTray" StringID="IDS_PAPER_SOURCE_WTCL">
        <MediaInputTrayCheckRecord ID="PrinterAutoSelectInputTray" ClassifyingID="device-setting" StringID="IDS_PRINTER_AUTO_SELECT" CustomSizeMinimumSize="custom_min_76.2x127.0mm" CustomSizeMaximumSize="custom_max_215.9x355.6mm">
          <Parameter Value="1" />
          <VendorExtension>
            <mti:PrintTicketOptionName name="mti:UsePrinterSetting" />
          </VendorExtension>
        </MediaInputTrayCheckRecord>
        <MediaInputTrayCheckRecord ID="ManualFeed" ClassifyingID="manual" StringID="IDS_SOURCE_IS_MANUAL" CustomSizeMinimumSize="custom_min_76.2x127.0mm" CustomSizeMaximumSize="custom_max_215.9x355.6mm">
          <Parameter Value="2" />
          <VendorExtension>
            <mti:PrintTicketOptionName name="psk:Manual" />
            <mti:DriverID value="0" />
          </VendorExtension>
        </MediaInputTrayCheckRecord>
        <MediaInputTrayCheckRecord ID="Tray1" ClassifyingID="tray-1" StringID="IDS_TRAY1" CustomSizeMinimumSize="custom_min_76.2x127.0mm" CustomSizeMaximumSize="custom_max_215.9x355.6mm">
          <Parameter Value="3" />
          <VendorExtension>
            <mti:PrintTicketOptionName name="oemptpc:Tray1" />
          </VendorExtension>
        </MediaInputTrayCheckRecord>
        <MediaInputTrayCheckRecord ID="Tray2" ClassifyingID="tray-2" StringID="IDS_TRAY2" CustomSizeMinimumSize="custom_min_76.2x127.0mm" CustomSizeMaximumSize="custom_max_215.9x355.6mm">
          <Parameter Value="4" />
          <VendorExtension>
            <mti:PrintTicketOptionName name="oemptpc:Tray2" />
          </VendorExtension>
        </MediaInputTrayCheckRecord>
        <MediaInputTrayCheckRecord ID="Tray3" ClassifyingID="tray-3" StringID="IDS_TRAY3" CustomSizeMinimumSize="custom_min_76.2x127.0mm" CustomSizeMaximumSize="custom_max_215.9x355.6mm">
          <Parameter Value="5" />
          <VendorExtension>
            <mti:PrintTicketOptionName name="oemptpc:Tray3" />
          </VendorExtension>
        </MediaInputTrayCheckRecord>
      </MediaInputTrayCheck>
      <Sides ID="Sides" DefaultSetting="Simplex" DeviceFeature="true">
        <SidesRecord ID="Simplex" ClassifyingID="OneSided" StringID="IDS_NO" />
        <SidesRecord ID="LongEdge" ClassifyingID="TwoSidedLongEdge" StringID="IDS_YES_FLIP_OVER" />
        <SidesRecord ID="ShortEdge" ClassifyingID="TwoSidedShortEdge" StringID="IDS_FLIP_UP" />
      </Sides>
      <NumberUp ID="NumberUp" DefaultSetting="NUp1" StringID="IDS_PAGES_PER_SHEET">
        <NumberUpRecord ID="NUp1" ClassifyingID="NUp_1x1" StringID="IDS_1_PAGE_PER_SHEET" />
        <NumberUpRecord ID="NUp2" ClassifyingID="NUp_2x1" StringID="IDS_2_PAGES_PER_SHEET" />
        <NumberUpRecord ID="NUp4" ClassifyingID="NUp_2x2" StringID="IDS_4_PAGES_PER_SHEET" />
        <NumberUpRecord ID="NUp6" ClassifyingID="NUp_3x2" StringID="IDS_6_PAGES_PER_SHEET" />
        <NumberUpRecord ID="NUp9" ClassifyingID="NUp_3x3" StringID="IDS_9_PAGES_PER_SHEET" />
        <NumberUpRecord ID="NUp16" ClassifyingID="NUp_4x4" StringID="IDS_16_PAGES_PER_SHEET" />
      </NumberUp>
      <FinishingBooklet ID="FinishingBooklet" DefaultSetting="BookletOff" StringID="IDS_BOOKLET_PRINTING_SUI">
        <FinishingBookletRecord ID="BookletOff" ClassifyingID="BookletOff" StringID="IDS_OFF" />
        <FinishingBookletRecord ID="BookletOn" ClassifyingID="BookletMaker" StringID="IDS_ON" />
      </FinishingBooklet>
      <FinishingBookletBinding ID="FinishingBookletBinding" DefaultSetting="BindingLeft" StringID="IDS_BOOKLET_PRINTING_SUI">
        <FinishingBookletBindingRecord ID="BindingLeft" ClassifyingID="Left" StringID="IDS_BOOKLET_PRINTING_LEFT_EDGE_Q207" />
        <FinishingBookletBindingRecord ID="BindingRight" ClassifyingID="Right" StringID="IDS_BOOKLET_PRINTING_RIGHT_EDGE_Q207" />
      </FinishingBookletBinding>
      <GenericFeature ID="JobStorage" DefaultSetting="JobStorageOff" StringID="IDS_JR_MODE">
        <GenericFeatureRecord ID="JobStorageOff" ClassifyingID="JobStorageOff" StringID="IDS_OFF" />
        <GenericFeatureRecord ID="JobStorageProofAndHold" StringID="IDS_JR_PROOF_HOLD" />
        <GenericFeatureRecord ID="JobStoragePersonalJob" StringID="IDS_STORE_JOB_UNTIL_PRINTED" />
        <GenericFeatureRecord ID="JobStorageQuickCopy" StringID="IDS_JR_QUICK_COPY" />
        <GenericFeatureRecord ID="JobStorageStoreJob" StringID="IDS_JR_STORED_JOB" />
      </GenericFeature>
      <GenericFeature ID="JobStorageJobName" DefaultSetting="JobNameAuto" StringID="IDS_JR_JOB_NAME">
        <GenericFeatureRecord ID="JobNameAuto" StringID="IDS_RB_AUTOMATIC" />
        <GenericFeatureRecord ID="JobNameCustom" StringID="IDS_CUSTOM" />
      </GenericFeature>
      <GenericFeature ID="JobStorageUserName" DefaultSetting="UserNameCurrent" StringID="IDS_JR_USER_NAME">
        <GenericFeatureRecord ID="UserNameCurrent" StringID="IDS_HK_USER_NAME" />
        <GenericFeatureRecord ID="UserNameCustom" StringID="IDS_CUSTOM" />
      </GenericFeature>
      <GenericFeature ID="JobStoragePrivateSecure" DefaultSetting="PrivateSecureOff" StringID="IDS_MAKE_JOB_PRIVATE_SECURE">
        <GenericFeatureRecord ID="PrivateSecureOff" StringID="IDS_NONE_FEM" />
        <GenericFeatureRecord ID="PrivateSecurePINtoPrint" StringID="IDS_PIN_TO_PRINT" />
      </GenericFeature>
      <GenericFeature ID="JobStorageJobNameExist" DefaultSetting="JobNameExistsUse" StringID="IDS_IF_JOB_NAME_EXISTS">
        <GenericFeatureRecord ID="JobNameExistsUse" StringID="IDS_USE_JOB_NAME">
          <VendorExtension>
            <mti:PJLCommand value="@PJL SET DUPLICATEJOB=APPEND" />
          </VendorExtension>
        </GenericFeatureRecord>
        <GenericFeatureRecord ID="JobNameExistsReplace" StringID="IDS_REPLACE_EXISTING_FILE">
          <VendorExtension>
            <mti:PJLCommand value="@PJL SET DUPLICATEJOB = REPLACE" />
          </VendorExtension>
        </GenericFeatureRecord>
      </GenericFeature>
      <GenericFeature ID="JobStorageCustomUserName" DefaultSetting="" StringID="IDS_JS1_CUSTOM">
        <VariableStringValue ID="CustomUserName" MinimumLength="1" MaximumLength="16" ValidCharacters="AlphaNumeric" />
        <VendorExtension>
          <mti:PJLCommand value="@PJL SET USERNAME=&quot;%s&quot;" />
        </VendorExtension>
      </GenericFeature>
      <GenericFeature ID="JobStorageCustomJobName" DefaultSetting="" StringID="IDS_JS2_CUSTOM">
        <VariableStringValue ID="CustomJobName" MinimumLength="1" MaximumLength="24" ValidCharacters="AlphaNumeric" />
        <VendorExtension>
          <mti:PJLCommand value="@PJL SET JOBNAME=&quot;%s&quot;" />
        </VendorExtension>
      </GenericFeature>
      <GenericFeature ID="JobStoragePIN" DefaultSetting="" StringID="IDS_HK_PIN">
        <VariableStringValue ID="PIN" MinimumLength="4" MaximumLength="4" ValidCharacters="Numeric" />
        <VendorExtension>
          <mti:PJLCommand value="@PJL SET HOLDKEY=&quot;%s&quot;" />
        </VendorExtension>
      </GenericFeature>
      <GenericFeature ID="PCEnable" DefaultSetting="On" StringID="IDS_PC_ENABLE">
        <GenericFeatureRecord ID="Off" StringID="IDS_OFF" />
        <GenericFeatureRecord ID="On" StringID="IDS_ON" />
      </GenericFeature>
      <GenericFeature ID="PrintContractversionMajor" DefaultSetting="0" StringID="IDS_EMPTY">
        <GenericFeatureRecord ID="0" StringID="IDS_EMPTY" />
        <GenericFeatureRecord ID="1" StringID="IDS_EMPTY" />
        <GenericFeatureRecord ID="2" StringID="IDS_EMPTY" />
        <GenericFeatureRecord ID="3" StringID="IDS_EMPTY" />
        <GenericFeatureRecord ID="4" StringID="IDS_EMPTY" />
        <GenericFeatureRecord ID="5" StringID="IDS_EMPTY" />
        <GenericFeatureRecord ID="6" StringID="IDS_EMPTY" />
        <GenericFeatureRecord ID="7" StringID="IDS_EMPTY" />
        <GenericFeatureRecord ID="8" StringID="IDS_EMPTY" />
        <GenericFeatureRecord ID="9" StringID="IDS_EMPTY" />
      </GenericFeature>
      <GenericFeature ID="PrintContractversionMinor" DefaultSetting="0" StringID="IDS_EMPTY">
        <GenericFeatureRecord ID="0" StringID="IDS_EMPTY" />
        <GenericFeatureRecord ID="1" StringID="IDS_EMPTY" />
        <GenericFeatureRecord ID="2" StringID="IDS_EMPTY" />
        <GenericFeatureRecord ID="3" StringID="IDS_EMPTY" />
        <GenericFeatureRecord ID="4" StringID="IDS_EMPTY" />
        <GenericFeatureRecord ID="5" StringID="IDS_EMPTY" />
        <GenericFeatureRecord ID="6" StringID="IDS_EMPTY" />
        <GenericFeatureRecord ID="7" StringID="IDS_EMPTY" />
        <GenericFeatureRecord ID="8" StringID="IDS_EMPTY" />
        <GenericFeatureRecord ID="9" StringID="IDS_EMPTY" />
      </GenericFeature>
      <GenericFeature ID="HybridRaster" DefaultSetting="HybridRasterAuto" StringID="IDS_PRINT_DATA_OPTIMIZATION">
        <GenericFeatureRecord ID="HybridRasterAuto" StringID="IDS_AUTO_OPTIMIZE" />
        <GenericFeatureRecord ID="HybridRasterOn" StringID="IDS_OPTIMIZE_RASTER" />
        <GenericFeatureRecord ID="HybridRasterOff" StringID="IDS_OPTIMIZE_TEXT_N_VECTOR" />
      </GenericFeature>
      <GenericFeature ID="JobImageType" DefaultSetting="CompressionPng" StringID="STR_NO_LOCALIZATION_COMPRESSION">
        <GenericFeatureRecord ID="CompressionDoNotSelect" StringID="STR_NO_LOCALIZATION_NOSELECTION" />
        <GenericFeatureRecord ID="CompressionJpegHigh" StringID="STR_NO_LOCALIZATION_JPEG_HIGH" />
        <GenericFeatureRecord ID="CompressionJpegMedium" StringID="STR_NO_LOCALIZATION_JPEG_MEDIUM" />
        <GenericFeatureRecord ID="CompressionJpegLow" StringID="STR_NO_LOCALIZATION_JPEG_LOW" />
        <GenericFeatureRecord ID="CompressionPng" StringID="STR_NO_LOCALIZATION_PNG" />
      </GenericFeature>
      <GenericFeature ID="IgnoreDminfo" DefaultSetting="DminfoOn" StringID="IDS_PC_ENABLE">
        <GenericFeatureRecord ID="DminfoOff" StringID="IDS_OFF" />
        <GenericFeatureRecord ID="DminfoOn" StringID="IDS_ON" />
      </GenericFeature>
      <GenericFeature ID="HPEasyColor" DefaultSetting="HPEasyColorOnWithImageHealing" StringID="IDS_HP_EASY_COLOR_CSL">
        <GenericFeatureRecord ID="HPEasyColorOff" StringID="IDS_OFF" />
        <GenericFeatureRecord ID="HPEasyColorOnWithImageHealing" StringID="IDS_ON" />
      </GenericFeature>
      <GenericFeature ID="IgnoreBLIChanges" DefaultSetting="BliOn" StringID="IDS_PC_ENABLE">
        <GenericFeatureRecord ID="BliOff" StringID="IDS_OFF" />
        <GenericFeatureRecord ID="BliOn" StringID="IDS_ON" />
      </GenericFeature>
      <GenericFeature ID="EnableBigDataCollection" DefaultSetting="BigDataCollectionOn" StringID="IDS_EMPTY">
        <GenericFeatureRecord ID="BigDataCollectionOff" StringID="IDS_OFF" />
        <GenericFeatureRecord ID="BigDataCollectionOn" StringID="IDS_ON" />
      </GenericFeature>
      <GenericFeature ID="DocumentTintTesting" DefaultSetting="Disabled" StringID="IDS_TINT_TESTING">
        <GenericFeatureRecord ID="Disabled" StringID="IDS_TINTTESTING_DISABLED" />
        <GenericFeatureRecord ID="JPEGARPassthrough" StringID="IDS_JPEG_AR_PASSTHROUGH" />
        <GenericFeatureRecord ID="RLTCSCPassthrough" StringID="IDS_RLT_CSC_PASSTHROUGH" />
        <GenericFeatureRecord ID="ImageResamplingPassthrough" StringID="IDS_IMAGE_RESAMPLING_PASSTHROUGH" />
        <GenericFeatureRecord ID="ImageHealingPassthrough" StringID="IDS_IMAGE_HEALING_PASSTHROUGH" />
        <GenericFeatureRecord ID="OutputImageFileType" StringID="IDS_OUTPUT_IMAGE_FILETYPE" />
      </GenericFeature>
      <GenericFeature ID="RasterCompression" DefaultSetting="Automatic" StringID="IDS_RASTER_COMPRESSION">
        <GenericFeatureRecord ID="Automatic" StringID="IDS_AUTOMATIC_CE" />
        <GenericFeatureRecord ID="BestQuality" StringID="IDS_PQ_BEST_QUALITY" />
        <GenericFeatureRecord ID="MaxCompression" StringID="IDS_MAXIMUM_COMPRESSION" />
      </GenericFeature>
      <CompositeFeature ID="Shortcuts">
        <CompositeFeatureRecord ID="_FactoryDefaults" StringID="IDS_FACTORY_DEFAULTS">
          <GlobalizedComponent FeatureID="MediaSize" FeatureSetting="_Globalized_MediaSize" />
          <Component FeatureID="MediaInputTrayCheck" FeatureSetting="PrinterAutoSelectInputTray" />
          <Component FeatureID="MediaType" FeatureSetting="AutoSelectMediaType" />
          <GlobalizedComponent FeatureID="Sides" FeatureSetting="_Globalized_Duplex" />
          <Component FeatureID="NumberUp" FeatureSetting="NUp1" />
        </CompositeFeatureRecord>
        <CompositeFeatureRecord ID="_GeneralEveryday" StringID="IDS_GENERAL_EVERYDAY_PRINTING">
          <GlobalizedComponent FeatureID="MediaSize" FeatureSetting="_Globalized_MediaSize" />
          <Component FeatureID="MediaInputTrayCheck" FeatureSetting="PrinterAutoSelectInputTray" />
          <Component FeatureID="MediaType" FeatureSetting="AutoSelectMediaType" />
          <GlobalizedComponent FeatureID="Sides" FeatureSetting="_Globalized_Duplex" />
          <Component FeatureID="NumberUp" FeatureSetting="NUp1" />
        </CompositeFeatureRecord>
        <CompositeFeatureRecord ID="_envelope_48" StringID="IDS_MTYPE_ENVELOPE">
          <Component FeatureID="MediaSize" FeatureSetting="Env10" />
          <Component FeatureID="MediaInputTrayCheck" FeatureSetting="PrinterAutoSelectInputTray" />
          <Component FeatureID="MediaType" FeatureSetting="Envelope" />
          <Component FeatureID="Sides" FeatureSetting="Simplex" Hidden="true" />
        </CompositeFeatureRecord>
        <CompositeFeatureRecord ID="_Labels" StringID="IDS_LABELS_TYPE">
          <GlobalizedComponent FeatureID="MediaSize" FeatureSetting="_Globalized_MediaSize" />
          <Component FeatureID="MediaInputTrayCheck" FeatureSetting="PrinterAutoSelectInputTray" />
          <Component FeatureID="MediaType" FeatureSetting="Labels" />
          <Component FeatureID="Sides" FeatureSetting="Simplex" Hidden="true" />
        </CompositeFeatureRecord>
        <CompositeFeatureRecord ID="_TwoSided" StringID="IDS_ECOSMART_SETTINGS_CSL">
          <GlobalizedComponent FeatureID="MediaSize" FeatureSetting="_Globalized_MediaSize" />
          <Component FeatureID="MediaInputTrayCheck" FeatureSetting="PrinterAutoSelectInputTray" />
          <Component FeatureID="MediaType" FeatureSetting="AutoSelectMediaType" />
          <Component FeatureID="Sides" FeatureSetting="LongEdge" />
          <Component FeatureID="NumberUp" FeatureSetting="NUp1" />
        </CompositeFeatureRecord>
        <CompositeFeatureRecord ID="_Booklet" StringID="IDS_BOOKLET_PRINTING_NOHK">
          <GlobalizedComponent FeatureID="MediaSize" FeatureSetting="_Globalized_MediaSize" />
          <Component FeatureID="MediaInputTrayCheck" FeatureSetting="PrinterAutoSelectInputTray" />
          <Component FeatureID="MediaType" FeatureSetting="AutoSelectMediaType" />
          <Component FeatureID="FinishingBooklet" FeatureSetting="BookletOn" />
          <Component FeatureID="FinishingBookletBinding" FeatureSetting="BindingLeft" />
          <Component FeatureID="Sides" FeatureSetting="ShortEdge" Hidden="true" />
        </CompositeFeatureRecord>
      </CompositeFeature>
      <VendorExtension>
        <mti:ManualDuplex ID="ManualDuplex" DefaultSetting="ManualSimplex" ManualBackSource="ManualFeed" BindingRotate="false" BackReverseOrder="true" EvensFirst="true" DuplexFallback="true" MergeCopies="true">
          <mti:ManualDuplexRecord ID="ManualSimplex" ClassifyingID="OneSided">
            <VendorExtension>
              <mti:PJLCommand value="@PJL SET MANUALDUPLEX=OFF" />
            </VendorExtension>
          </mti:ManualDuplexRecord>
          <mti:ManualDuplexRecord ID="ManualLongEdge" ClassifyingID="TwoSidedLongEdge">
            <VendorExtension>
              <mti:PJLCommand value="@PJL SET ENHANCEDMANUALDUPLEX=ON" />
            </VendorExtension>
            <VendorExtension>
              <mti:PJLCommand value="@PJL SET BINDING=LONGEDGE" />
            </VendorExtension>
          </mti:ManualDuplexRecord>
          <mti:ManualDuplexRecord ID="ManualShortEdge" ClassifyingID="TwoSidedShortEdge">
            <VendorExtension>
              <mti:PJLCommand value="@PJL SET ENHANCEDMANUALDUPLEX=ON" />
            </VendorExtension>
            <VendorExtension>
              <mti:PJLCommand value="@PJL SET BINDING=SHORTEDGE" />
            </VendorExtension>
          </mti:ManualDuplexRecord>
        </mti:ManualDuplex>
        <oemupdf:DeviceCollation ID="DeviceCollation" DefaultSetting="DeviceUncollated" PJLVariable="QTY">
          <oemupdf:DeviceCollationRecord ID="DeviceUncollated" ClassifyingID="Uncollated" />
          <oemupdf:DeviceCollationRecord ID="DeviceCollated" ClassifyingID="Collated" />
        </oemupdf:DeviceCollation>
      </VendorExtension>
    </Features>
    <BaseUnit ID="BaseUnit" ShippingUnit="true">
      <Connectors>
        <ConnectorForChildUnit ID="OptionalTrayConnector" />
        <ConnectorForChildUnit ID="DuplexConnector" />
      </Connectors>
      <FeatureReferences>
        <FeatureReference ID="PrinterResolution">
          <FeatureRecordReference ID="Normal" />
          <FeatureRecordReference ID="FineLines_MaxDPI" />
          <FeatureRecordReference ID="EconoMode" />
        </FeatureReference>
        <FeatureReference ID="Copies">
          <FeatureRecordReference ID="CopyCount" />
        </FeatureReference>
        <FeatureReference ID="Collation">
          <FeatureRecordReference ID="Uncollated" />
          <FeatureRecordReference ID="Collated" />
        </FeatureReference>
        <FeatureReference ID="OrientationRequested">
          <FeatureRecordReference ID="Portrait" />
          <FeatureRecordReference ID="Landscape" />
        </FeatureReference>
        <FeatureReference ID="MediaSize">
          <FeatureRecordReference ID="LETTER" />
          <FeatureRecordReference ID="LEGAL" />
          <FeatureRecordReference ID="Executive" />
          <FeatureRecordReference ID="Statement" />
          <FeatureRecordReference ID="Officio8.5x13" />
          <FeatureRecordReference ID="Index4x6" />
          <FeatureRecordReference ID="Index5x8" />
          <FeatureRecordReference ID="A4" />
          <FeatureRecordReference ID="A5" />
          <FeatureRecordReference ID="A6" />
          <FeatureRecordReference ID="JIS-B5" />
          <FeatureRecordReference ID="JIS-B6" />
          <FeatureRecordReference ID="Index10x15" />
          <FeatureRecordReference ID="Officio216x340mm" />
          <FeatureRecordReference ID="ROC-16K195x270" />
          <FeatureRecordReference ID="ROC-16K184x260" />
          <FeatureRecordReference ID="ROC-16K197x273" />
          <FeatureRecordReference ID="Hagaki" />
          <FeatureRecordReference ID="Oufuku" />
          <FeatureRecordReference ID="Env10" />
          <FeatureRecordReference ID="EnvMonarch" />
          <FeatureRecordReference ID="EnvB5" />
          <FeatureRecordReference ID="EnvC5" />
          <FeatureRecordReference ID="EnvDL" />
          <FeatureRecordReference ID="Custom" />
        </FeatureReference>
        <FeatureReference ID="MediaType">
          <FeatureRecordReference ID="AutoSelectMediaType" />
          <FeatureRecordReference ID="Plain" />
          <FeatureRecordReference ID="HPEcoFFICIENT" />
          <FeatureRecordReference ID="Light60-74g" />
          <FeatureRecordReference ID="Intermediate85-95g" />
          <FeatureRecordReference ID="Mid-Weight96-110g" />
          <FeatureRecordReference ID="Heavy111-130g" />
          <FeatureRecordReference ID="ExtraHeavy131-175g" />
          <FeatureRecordReference ID="Labels" />
          <FeatureRecordReference ID="Letterhead" />
          <FeatureRecordReference ID="Envelope" />
          <FeatureRecordReference ID="Preprinted" />
          <FeatureRecordReference ID="Prepunched" />
          <FeatureRecordReference ID="Colored" />
          <FeatureRecordReference ID="Bond" />
          <FeatureRecordReference ID="Recycled" />
          <FeatureRecordReference ID="Rough" />
        </FeatureReference>
        <FeatureReference ID="MediaInputTrayCheck">
          <FeatureRecordReference ID="PrinterAutoSelectInputTray" />
          <FeatureRecordReference ID="ManualFeed" />
          <FeatureRecordReference ID="Tray1" />
          <FeatureRecordReference ID="Tray2" />
        </FeatureReference>
        <FeatureReference ID="NumberUp">
          <FeatureRecordReference ID="NUp1" />
          <FeatureRecordReference ID="NUp2" />
          <FeatureRecordReference ID="NUp4" />
          <FeatureRecordReference ID="NUp6" />
          <FeatureRecordReference ID="NUp9" />
          <FeatureRecordReference ID="NUp16" />
        </FeatureReference>
        <FeatureReference ID="FinishingBooklet">
          <FeatureRecordReference ID="BookletOff" />
          <FeatureRecordReference ID="BookletOn" />
        </FeatureReference>
        <FeatureReference ID="FinishingBookletBinding">
          <FeatureRecordReference ID="BindingLeft" />
          <FeatureRecordReference ID="BindingRight" />
        </FeatureReference>
        <FeatureReference ID="ManualDuplex">
          <FeatureRecordReference ID="ManualSimplex" />
          <FeatureRecordReference ID="ManualLongEdge" />
          <FeatureRecordReference ID="ManualShortEdge" />
        </FeatureReference>
        <FeatureReference ID="JobStorage">
          <FeatureRecordReference ID="JobStorageOff" />
        </FeatureReference>
        <FeatureReference ID="JobStorageJobName">
          <FeatureRecordReference ID="JobNameAuto" />
          <FeatureRecordReference ID="JobNameCustom" />
        </FeatureReference>
        <FeatureReference ID="JobStorageUserName">
          <FeatureRecordReference ID="UserNameCurrent" />
          <FeatureRecordReference ID="UserNameCustom" />
        </FeatureReference>
        <FeatureReference ID="JobStoragePrivateSecure">
          <FeatureRecordReference ID="PrivateSecureOff" />
          <FeatureRecordReference ID="PrivateSecurePINtoPrint" />
        </FeatureReference>
        <FeatureReference ID="JobStorageJobNameExist">
          <FeatureRecordReference ID="JobNameExistsUse" />
          <FeatureRecordReference ID="JobNameExistsReplace" />
        </FeatureReference>
        <FeatureReference ID="DeviceCollation">
          <FeatureRecordReference ID="DeviceUncollated" />
          <FeatureRecordReference ID="DeviceCollated" />
        </FeatureReference>
        <FeatureReference ID="PCEnable">
          <FeatureRecordReference ID="Off" />
          <FeatureRecordReference ID="On" />
        </FeatureReference>
        <FeatureReference ID="PrintContractversionMajor">
          <FeatureRecordReference ID="0" />
          <FeatureRecordReference ID="1" />
          <FeatureRecordReference ID="2" />
          <FeatureRecordReference ID="3" />
          <FeatureRecordReference ID="4" />
          <FeatureRecordReference ID="5" />
          <FeatureRecordReference ID="6" />
          <FeatureRecordReference ID="7" />
          <FeatureRecordReference ID="8" />
          <FeatureRecordReference ID="9" />
        </FeatureReference>
        <FeatureReference ID="PrintContractversionMinor">
          <FeatureRecordReference ID="0" />
          <FeatureRecordReference ID="1" />
          <FeatureRecordReference ID="2" />
          <FeatureRecordReference ID="3" />
          <FeatureRecordReference ID="4" />
          <FeatureRecordReference ID="5" />
          <FeatureRecordReference ID="6" />
          <FeatureRecordReference ID="7" />
          <FeatureRecordReference ID="8" />
          <FeatureRecordReference ID="9" />
        </FeatureReference>
        <FeatureReference ID="HybridRaster">
          <FeatureRecordReference ID="HybridRasterAuto" />
          <FeatureRecordReference ID="HybridRasterOn" />
          <FeatureRecordReference ID="HybridRasterOff" />
        </FeatureReference>
        <FeatureReference ID="JobImageType">
          <FeatureRecordReference ID="CompressionDoNotSelect" />
          <FeatureRecordReference ID="CompressionJpegHigh" />
          <FeatureRecordReference ID="CompressionJpegMedium" />
          <FeatureRecordReference ID="CompressionJpegLow" />
          <FeatureRecordReference ID="CompressionPng" />
        </FeatureReference>
        <FeatureReference ID="Shortcuts">
          <FeatureRecordReference ID="_FactoryDefaults" />
          <FeatureRecordReference ID="_GeneralEveryday" />
          <FeatureRecordReference ID="_envelope_48" />
          <FeatureRecordReference ID="_Labels" />
          <FeatureRecordReference ID="_TwoSided" />
          <FeatureRecordReference ID="_Booklet" />
        </FeatureReference>
        <FeatureReference ID="IgnoreDminfo">
          <FeatureRecordReference ID="DminfoOff" />
          <FeatureRecordReference ID="DminfoOn" />
        </FeatureReference>
        <FeatureReference ID="HPEasyColor">
          <FeatureRecordReference ID="HPEasyColorOff" />
          <FeatureRecordReference ID="HPEasyColorOnWithImageHealing" />
        </FeatureReference>
        <FeatureReference ID="IgnoreBLIChanges">
          <FeatureRecordReference ID="BliOff" />
          <FeatureRecordReference ID="BliOn" />
        </FeatureReference>
        <FeatureReference ID="EnableBigDataCollection">
          <FeatureRecordReference ID="BigDataCollectionOff" />
          <FeatureRecordReference ID="BigDataCollectionOn" />
        </FeatureReference>
        <FeatureReference ID="DocumentTintTesting">
          <FeatureRecordReference ID="Disabled" />
          <FeatureRecordReference ID="JPEGARPassthrough" />
          <FeatureRecordReference ID="RLTCSCPassthrough" />
          <FeatureRecordReference ID="ImageResamplingPassthrough" />
          <FeatureRecordReference ID="ImageHealingPassthrough" />
          <FeatureRecordReference ID="OutputImageFileType" />
        </FeatureReference>
        <FeatureReference ID="RasterCompression">
          <FeatureRecordReference ID="Automatic" />
          <FeatureRecordReference ID="BestQuality" />
          <FeatureRecordReference ID="MaxCompression" />
        </FeatureReference>
      </FeatureReferences>
      <Dependencies>
        <Dependency>
          <FeatureCondition FeatureID="MediaSize" ConditionOperator="Equal" FeatureSetting="Env10" />
          <FeatureCondition FeatureID="Sides" ConditionOperator="NotEqual" FeatureSetting="Simplex" />
          <Action>
            <ActionMessage StringID="IDS_NO_DUPLEX_MEDIA_SIZE">
              <ActionMessageOK StringID="IDS_OK">
                <SetFeature FeatureID="Sides" FeatureSetting="Simplex" />
              </ActionMessageOK>
            </ActionMessage>
          </Action>
        </Dependency>
        <Dependency>
          <FeatureCondition FeatureID="MediaSize" ConditionOperator="Equal" FeatureSetting="EnvMonarch" />
          <FeatureCondition FeatureID="Sides" ConditionOperator="NotEqual" FeatureSetting="Simplex" />
          <Action>
            <ActionMessage StringID="IDS_NO_DUPLEX_MEDIA_SIZE">
              <ActionMessageOK StringID="IDS_OK">
                <SetFeature FeatureID="Sides" FeatureSetting="Simplex" />
              </ActionMessageOK>
            </ActionMessage>
          </Action>
        </Dependency>
        <Dependency>
          <FeatureCondition FeatureID="MediaSize" ConditionOperator="Equal" FeatureSetting="EnvB5" />
          <FeatureCondition FeatureID="Sides" ConditionOperator="NotEqual" FeatureSetting="Simplex" />
          <Action>
            <ActionMessage StringID="IDS_NO_DUPLEX_MEDIA_SIZE">
              <ActionMessageOK StringID="IDS_OK">
                <SetFeature FeatureID="Sides" FeatureSetting="Simplex" />
              </ActionMessageOK>
            </ActionMessage>
          </Action>
        </Dependency>
        <Dependency>
          <FeatureCondition FeatureID="MediaSize" ConditionOperator="Equal" FeatureSetting="EnvC5" />
          <FeatureCondition FeatureID="Sides" ConditionOperator="NotEqual" FeatureSetting="Simplex" />
          <Action>
            <ActionMessage StringID="IDS_NO_DUPLEX_MEDIA_SIZE">
              <ActionMessageOK StringID="IDS_OK">
                <SetFeature FeatureID="Sides" FeatureSetting="Simplex" />
              </ActionMessageOK>
            </ActionMessage>
          </Action>
        </Dependency>
        <Dependency>
          <FeatureCondition FeatureID="MediaSize" ConditionOperator="Equal" FeatureSetting="EnvDL" />
          <FeatureCondition FeatureID="Sides" ConditionOperator="NotEqual" FeatureSetting="Simplex" />
          <Action>
            <ActionMessage StringID="IDS_NO_DUPLEX_MEDIA_SIZE">
              <ActionMessageOK StringID="IDS_OK">
                <SetFeature FeatureID="Sides" FeatureSetting="Simplex" />
              </ActionMessageOK>
            </ActionMessage>
          </Action>
        </Dependency>
        <Dependency>
          <FeatureCondition FeatureID="MediaSize" ConditionOperator="Equal" FeatureSetting="Env10" />
          <FeatureCondition FeatureID="ManualDuplex" ConditionOperator="NotEqual" FeatureSetting="ManualSimplex" />
          <Action>
            <ActionMessage StringID="IDS_NO_DUPLEX_MEDIA_SIZE">
              <ActionMessageOK StringID="IDS_OK">
                <SetFeature FeatureID="ManualDuplex" FeatureSetting="ManualSimplex" />
              </ActionMessageOK>
            </ActionMessage>
          </Action>
        </Dependency>
        <Dependency>
          <FeatureCondition FeatureID="MediaSize" ConditionOperator="Equal" FeatureSetting="EnvMonarch" />
          <FeatureCondition FeatureID="ManualDuplex" ConditionOperator="NotEqual" FeatureSetting="ManualSimplex" />
          <Action>
            <ActionMessage StringID="IDS_NO_DUPLEX_MEDIA_SIZE">
              <ActionMessageOK StringID="IDS_OK">
                <SetFeature FeatureID="ManualDuplex" FeatureSetting="ManualSimplex" />
              </ActionMessageOK>
            </ActionMessage>
          </Action>
        </Dependency>
        <Dependency>
          <FeatureCondition FeatureID="MediaSize" ConditionOperator="Equal" FeatureSetting="EnvB5" />
          <FeatureCondition FeatureID="ManualDuplex" ConditionOperator="NotEqual" FeatureSetting="ManualSimplex" />
          <Action>
            <ActionMessage StringID="IDS_NO_DUPLEX_MEDIA_SIZE">
              <ActionMessageOK StringID="IDS_OK">
                <SetFeature FeatureID="ManualDuplex" FeatureSetting="ManualSimplex" />
              </ActionMessageOK>
            </ActionMessage>
          </Action>
        </Dependency>
        <Dependency>
          <FeatureCondition FeatureID="MediaSize" ConditionOperator="Equal" FeatureSetting="EnvC5" />
          <FeatureCondition FeatureID="ManualDuplex" ConditionOperator="NotEqual" FeatureSetting="ManualSimplex" />
          <Action>
            <ActionMessage StringID="IDS_NO_DUPLEX_MEDIA_SIZE">
              <ActionMessageOK StringID="IDS_OK">
                <SetFeature FeatureID="ManualDuplex" FeatureSetting="ManualSimplex" />
              </ActionMessageOK>
            </ActionMessage>
          </Action>
        </Dependency>
        <Dependency>
          <FeatureCondition FeatureID="MediaSize" ConditionOperator="Equal" FeatureSetting="EnvDL" />
          <FeatureCondition FeatureID="ManualDuplex" ConditionOperator="NotEqual" FeatureSetting="ManualSimplex" />
          <Action>
            <ActionMessage StringID="IDS_NO_DUPLEX_MEDIA_SIZE">
              <ActionMessageOK StringID="IDS_OK">
                <SetFeature FeatureID="ManualDuplex" FeatureSetting="ManualSimplex" />
              </ActionMessageOK>
            </ActionMessage>
          </Action>
        </Dependency>
        <Dependency>
          <FeatureCondition FeatureID="MediaType" ConditionOperator="Equal" FeatureSetting="Labels" />
          <FeatureCondition FeatureID="Sides" ConditionOperator="NotEqual" FeatureSetting="Simplex" />
          <Action>
            <ActionMessage StringID="IDS_NO_DUPLEX_MEDIA_TYPE">
              <ActionMessageOK StringID="IDS_OK">
                <SetFeature FeatureID="Sides" FeatureSetting="Simplex" />
              </ActionMessageOK>
            </ActionMessage>
          </Action>
        </Dependency>
        <Dependency>
          <FeatureCondition FeatureID="MediaType" ConditionOperator="Equal" FeatureSetting="Envelope" />
          <FeatureCondition FeatureID="Sides" ConditionOperator="NotEqual" FeatureSetting="Simplex" />
          <Action>
            <ActionMessage StringID="IDS_NO_DUPLEX_MEDIA_TYPE">
              <ActionMessageOK StringID="IDS_OK">
                <SetFeature FeatureID="Sides" FeatureSetting="Simplex" />
              </ActionMessageOK>
            </ActionMessage>
          </Action>
        </Dependency>
        <Dependency>
          <FeatureCondition FeatureID="MediaType" ConditionOperator="Equal" FeatureSetting="Labels" />
          <FeatureCondition FeatureID="ManualDuplex" ConditionOperator="NotEqual" FeatureSetting="ManualSimplex" />
          <Action>
            <ActionMessage StringID="IDS_NO_DUPLEX_MEDIA_TYPE">
              <ActionMessageOK StringID="IDS_OK">
                <SetFeature FeatureID="ManualDuplex" FeatureSetting="ManualSimplex" />
              </ActionMessageOK>
            </ActionMessage>
          </Action>
        </Dependency>
        <Dependency>
          <FeatureCondition FeatureID="MediaType" ConditionOperator="Equal" FeatureSetting="Envelope" />
          <FeatureCondition FeatureID="ManualDuplex" ConditionOperator="NotEqual" FeatureSetting="ManualSimplex" />
          <Action>
            <ActionMessage StringID="IDS_NO_DUPLEX_MEDIA_TYPE">
              <ActionMessageOK StringID="IDS_OK">
                <SetFeature FeatureID="ManualDuplex" FeatureSetting="ManualSimplex" />
              </ActionMessageOK>
            </ActionMessage>
          </Action>
        </Dependency>
        <Dependency>
          <FeatureCondition FeatureID="MediaInputTrayCheck" ConditionOperator="Equal" FeatureSetting="ManualFeed" />
          <FeatureCondition FeatureID="ManualDuplex" ConditionOperator="NotEqual" FeatureSetting="ManualSimplex" />
          <Action>
            <ActionSelection>
              <SetFeature FeatureID="ManualDuplex" FeatureSetting="ManualSimplex" />
            </ActionSelection>
          </Action>
        </Dependency>
      </Dependencies>
    </BaseUnit>
    <InstallableOption ID="OptionalTray3" StringID="IDS_TRAY3" WinConfig="Layout.InputBins.Tray003:Installed">
      <Connectors>
        <ConnectorForChildUnit ID="OptionalTrayConnector3" />
        <ConnectorAtParentUnit ConnectorIDRef="OptionalTrayConnector" />
      </Connectors>
      <FeatureReferences>
        <FeatureReference ID="MediaInputTrayCheck">
          <FeatureRecordReference ID="Tray3" />
        </FeatureReference>
      </FeatureReferences>
      <VendorExtension>
        <oemupdf:UDMStringQuery Query="Tray3_Installed" Value="Installed" />
      </VendorExtension>
    </InstallableOption>
    <InstallableOption ID="DuplexUnit" StringID="IDS_OPTIONAL_DUPLEXER" WinConfig="Configuration.DuplexUnit:Installed">
      <Connectors>
        <ConnectorAtParentUnit ConnectorIDRef="DuplexConnector" />
      </Connectors>
      <FeatureReferences>
        <FeatureReference ID="Sides">
          <FeatureRecordReference ID="Simplex" />
          <FeatureRecordReference ID="LongEdge" />
          <FeatureRecordReference ID="ShortEdge" />
        </FeatureReference>
      </FeatureReferences>
      <VendorExtension>
        <oemupdf:UDMStringQuery Query="DuplexUnit_Installed" Value="Installed" />
      </VendorExtension>
    </InstallableOption>
    <InstallableOption ID="PC_PrintContractVersionMajor" StringID="IDS_EMPTY" WinConfig="Configuration.PrintContract:VersionMajor" WinIntegerFeatureArr="0,1,2,3,4,5,6,7,8,9" WinIntegerOptionArr="0,1,2,3,4,5,6,7,8,9">
      <FeatureReferences>
        <FeatureReference ID="PrintContractversionMajor">
          <FeatureRecordReference ID="0" />
          <FeatureRecordReference ID="1" />
          <FeatureRecordReference ID="2" />
          <FeatureRecordReference ID="3" />
          <FeatureRecordReference ID="4" />
          <FeatureRecordReference ID="5" />
          <FeatureRecordReference ID="6" />
          <FeatureRecordReference ID="7" />
          <FeatureRecordReference ID="8" />
          <FeatureRecordReference ID="9" />
        </FeatureReference>
      </FeatureReferences>
      <VendorExtension>
        <oemupdf:UDMStringQuery Query="PrintContractVersionMajor0_Installed" Value="Installed" />
      </VendorExtension>
    </InstallableOption>
    <InstallableOption ID="PC_PrintContractVersionMinor" StringID="IDS_EMPTY" WinConfig="Configuration.PrintContract:VersionMinor" WinIntegerFeatureArr="0,1,2,3,4,5,6,7,8,9" WinIntegerOptionArr="0,1,2,3,4,5,6,7,8,9">
      <FeatureReferences>
        <FeatureReference ID="PrintContractversionMinor">
          <FeatureRecordReference ID="0" />
          <FeatureRecordReference ID="1" />
          <FeatureRecordReference ID="2" />
          <FeatureRecordReference ID="3" />
          <FeatureRecordReference ID="4" />
          <FeatureRecordReference ID="5" />
          <FeatureRecordReference ID="6" />
          <FeatureRecordReference ID="7" />
          <FeatureRecordReference ID="8" />
          <FeatureRecordReference ID="9" />
        </FeatureReference>
      </FeatureReferences>
      <VendorExtension>
        <oemupdf:UDMStringQuery Query="PrintContractVersionMinor6_Installed" Value="Installed" />
      </VendorExtension>
    </InstallableOption>
    <InstallableOption ID="JobStorageControl" StringID="IDS_JOBSTORAGETAB_NAME" WinConfig="Configuration.JobStorage:Installed" WinStringInstalled="true" WinStringNotInstalled="false">
      <FeatureReferences>
        <FeatureReference ID="JobStorage">
          <FeatureRecordReference ID="JobStorageProofAndHold" />
          <FeatureRecordReference ID="JobStoragePersonalJob" />
          <FeatureRecordReference ID="JobStorageQuickCopy" />
          <FeatureRecordReference ID="JobStorageStoreJob" />
        </FeatureReference>
      </FeatureReferences>
      <VendorExtension>
        <oemupdf:UDMStringQuery Query="Job_Storage_Installed" Value="Installed" />
        <oemupdf:FeatureControlStrings InstalledStringID="IDS_AUTOMATIC" NotInstalledStringID="IDS_DISABLE" />
      </VendorExtension>
    </InstallableOption>
    <InstallableOption ID="DeviceCollationControl" StringID="IDS_MOPIER_MODE" WinConfig="Configuration.Mopier:Installed" WinStringInstalled="true" WinStringNotInstalled="false">
      <FeatureReferences>
        <FeatureReference ID="DeviceCollation">
          <FeatureRecordReference ID="DeviceUncollated" />
          <FeatureRecordReference ID="DeviceCollated" />
        </FeatureReference>
      </FeatureReferences>
      <VendorExtension>
        <oemupdf:UDMStringQuery Query="Mopier" Value="Installed" />
        <oemupdf:FeatureControlStrings InstalledStringID="IDS_ENABLE" NotInstalledStringID="IDS_DISABLE" />
      </VendorExtension>
    </InstallableOption>
    <UserInterface>
      <FeatureControl ID="TintTestingControl" DefaultSetting="TintTestingControlDisable" StringID="IDS_EMPTY">
        <FeatureControlRecord ID="TintTestingControlAuto" ClassifyingID="auto" StringID="IDS_ENABLE" />
        <FeatureControlRecord ID="TintTestingControlDisable" ClassifyingID="disable" StringID="IDS_DISABLE" />
        <FeatureReferences>
          <FeatureReference ID="DocumentTintTesting">
            <FeatureRecordReference ID="Disabled" />
            <FeatureRecordReference ID="JPEGARPassthrough" />
            <FeatureRecordReference ID="RLTCSCPassthrough" />
            <FeatureRecordReference ID="ImageResamplingPassthrough" />
            <FeatureRecordReference ID="ImageHealingPassthrough" />
            <FeatureRecordReference ID="OutputImageFileType" />
          </FeatureReference>
        </FeatureReferences>
      </FeatureControl>
      <VendorExtension>
        <oemupdf:UserInterfaceInfo>
          <oemupdf:ManualDuplexInfo>
            <oemupdf:UserInfo StringID="IDS_ICD_MANUAL_DUPLEX_INSTRUCTION_A" StringPart2ID="IDS_ICD_MANUAL_DUPLEX_INSTRUCTION_B" />
            <oemupdf:UserInfoIcon StringID="IDS_ICD_MANUAL_DUPLEX_STEP_1" IconID="TOP_OUTPUT_FACE_DOWN" />
            <oemupdf:UserInfoIcon StringID="IDS_MANUAL_DUPLEX_MESSAGE2_STR1" IconID="FRONT_INPUT_FACE_DOWN" />
            <oemupdf:UserInfoIcon StringID="IDS_ICD_MANUAL_DUPLEX_STEP_3" IconID="PRESS_START" />
          </oemupdf:ManualDuplexInfo>
        </oemupdf:UserInterfaceInfo>
      </VendorExtension>
    </UserInterface>
    <UserInterfaceStrings>
      <DefaultLocale>
        <LocaleIdentifierLong Country="US-United_States" Language="en-English" />
        <DefaultLocaleElement StringID="IDS_NORMAL" />
        <DefaultLocaleElement StringID="IDS_HP_PC_MAX" />
        <DefaultLocaleElement StringID="IDS_ECONOMODE_Q206" />
        <DefaultLocaleElement StringID="IDS_PAPER_SOURCE_WTCL" />
        <DefaultLocaleElement StringID="IDS_PRINTER_AUTO_SELECT" />
        <DefaultLocaleElement StringID="IDS_SOURCE_IS_MANUAL" />
        <DefaultLocaleElement StringID="IDS_TRAY1" />
        <DefaultLocaleElement StringID="IDS_TRAY2" />
        <DefaultLocaleElement StringID="IDS_TRAY3" />
        <DefaultLocaleElement StringID="IDS_ICD_MANUAL_DUPLEX_INSTRUCTION_A" />
        <DefaultLocaleElement StringID="IDS_ICD_MANUAL_DUPLEX_INSTRUCTION_B" />
        <DefaultLocaleElement StringID="IDS_ICD_MANUAL_DUPLEX_STEP_1" />
        <DefaultLocaleElement StringID="TOP_OUTPUT_FACE_DOWN" />
        <DefaultLocaleElement StringID="IDS_MANUAL_DUPLEX_MESSAGE2_STR1" />
        <DefaultLocaleElement StringID="FRONT_INPUT_FACE_DOWN" />
        <DefaultLocaleElement StringID="IDS_ICD_MANUAL_DUPLEX_STEP_3" />
        <DefaultLocaleElement StringID="PRESS_START" />
        <DefaultLocaleElement StringID="IDS_JR_MODE" />
        <DefaultLocaleElement StringID="IDS_OFF" />
        <DefaultLocaleElement StringID="IDS_JR_PROOF_HOLD" />
        <DefaultLocaleElement StringID="IDS_STORE_JOB_UNTIL_PRINTED" />
        <DefaultLocaleElement StringID="IDS_JR_QUICK_COPY" />
        <DefaultLocaleElement StringID="IDS_JR_STORED_JOB" />
        <DefaultLocaleElement StringID="IDS_JR_JOB_NAME" />
        <DefaultLocaleElement StringID="IDS_RB_AUTOMATIC" />
        <DefaultLocaleElement StringID="IDS_CUSTOM" />
        <DefaultLocaleElement StringID="IDS_JR_USER_NAME" />
        <DefaultLocaleElement StringID="IDS_HK_USER_NAME" />
        <DefaultLocaleElement StringID="IDS_MAKE_JOB_PRIVATE_SECURE" />
        <DefaultLocaleElement StringID="IDS_NONE_FEM" />
        <DefaultLocaleElement StringID="IDS_PIN_TO_PRINT" />
        <DefaultLocaleElement StringID="IDS_IF_JOB_NAME_EXISTS" />
        <DefaultLocaleElement StringID="IDS_USE_JOB_NAME" />
        <DefaultLocaleElement StringID="IDS_REPLACE_EXISTING_FILE" />
        <DefaultLocaleElement StringID="IDS_JS1_CUSTOM" />
        <DefaultLocaleElement StringID="IDS_JS2_CUSTOM" />
        <DefaultLocaleElement StringID="IDS_HK_PIN" />
        <DefaultLocaleElement StringID="IDS_PC_ENABLE" />
        <DefaultLocaleElement StringID="IDS_ON" />
        <DefaultLocaleElement StringID="IDS_EMPTY" />
        <DefaultLocaleElement StringID="IDS_OPTIONAL_DUPLEXER" />
        <DefaultLocaleElement StringID="IDS_JOBSTORAGETAB_NAME" />
        <DefaultLocaleElement StringID="IDS_AUTOMATIC" />
        <DefaultLocaleElement StringID="IDS_DISABLE" />
        <DefaultLocaleElement StringID="IDS_MOPIER_MODE" />
        <DefaultLocaleElement StringID="IDS_ENABLE" />
        <DefaultLocaleElement StringID="IDS_PAGES_PER_SHEET" />
        <DefaultLocaleElement StringID="IDS_1_PAGE_PER_SHEET" />
        <DefaultLocaleElement StringID="IDS_2_PAGES_PER_SHEET" />
        <DefaultLocaleElement StringID="IDS_4_PAGES_PER_SHEET" />
        <DefaultLocaleElement StringID="IDS_6_PAGES_PER_SHEET" />
        <DefaultLocaleElement StringID="IDS_9_PAGES_PER_SHEET" />
        <DefaultLocaleElement StringID="IDS_16_PAGES_PER_SHEET" />
        <DefaultLocaleElement StringID="IDS_BOOKLET_PRINTING_SUI" />
        <DefaultLocaleElement StringID="IDS_BOOKLET_PRINTING_LEFT_EDGE_Q207" />
        <DefaultLocaleElement StringID="IDS_BOOKLET_PRINTING_RIGHT_EDGE_Q207" />
        <DefaultLocaleElement StringID="IDS_PRINT_DATA_OPTIMIZATION" />
        <DefaultLocaleElement StringID="IDS_AUTO_OPTIMIZE" />
        <DefaultLocaleElement StringID="IDS_OPTIMIZE_RASTER" />
        <DefaultLocaleElement StringID="IDS_OPTIMIZE_TEXT_N_VECTOR" />
        <DefaultLocaleElement StringID="STR_NO_LOCALIZATION_COMPRESSION" LocalizedString="XPS Image Compression" />
        <DefaultLocaleElement StringID="STR_NO_LOCALIZATION_NOSELECTION" LocalizedString="No Selection" />
        <DefaultLocaleElement StringID="STR_NO_LOCALIZATION_JPEG_HIGH" LocalizedString="Jpeg High" />
        <DefaultLocaleElement StringID="STR_NO_LOCALIZATION_JPEG_MEDIUM" LocalizedString="Jpeg Medium" />
        <DefaultLocaleElement StringID="STR_NO_LOCALIZATION_JPEG_LOW" LocalizedString="Jpeg Low" />
        <DefaultLocaleElement StringID="STR_NO_LOCALIZATION_PNG" LocalizedString="PNG" />
        <DefaultLocaleElement StringID="IDS_PAPER_SIZE_TROJA" />
        <DefaultLocaleElement StringID="IDS_LETTER" />
        <DefaultLocaleElement StringID="IDS_LEGAL" />
        <DefaultLocaleElement StringID="IDS_MSIZE_EXECUTIVE" />
        <DefaultLocaleElement StringID="IDS_STATEMENT" />
        <DefaultLocaleElement StringID="STR_OFFICIO_8_5x13in" LocalizedString="Oficio 8.5x13" />
        <DefaultLocaleElement StringID="IDS_PSIZE_4_X_6" />
        <DefaultLocaleElement StringID="IDS_PSIZE_5_X_8" />
        <DefaultLocaleElement StringID="IDS_MSIZE_A4" />
        <DefaultLocaleElement StringID="IDS_A5" />
        <DefaultLocaleElement StringID="IDS_MSIZE_A6" />
        <DefaultLocaleElement StringID="IDS_MSIZE_B5_JIS" />
        <DefaultLocaleElement StringID="IDS_B6_JIS" />
        <DefaultLocaleElement StringID="IDS_MSIZE_10X15_CM" />
        <DefaultLocaleElement StringID="STR_OFF_216x340mm" LocalizedString="Oficio 216x340 mm" />
        <DefaultLocaleElement StringID="IDS_MSIZE_16k_MM_Q306" />
        <DefaultLocaleElement StringID="IDS_MSIZE_16k_184_MM_Q306" />
        <DefaultLocaleElement StringID="IDS_MSIZE_16K_197X273" />
        <DefaultLocaleElement StringID="IDS_JAPAN_POST" />
        <DefaultLocaleElement StringID="IDS_DBL_JAPAN_POST_ROTATED" />
        <DefaultLocaleElement StringID="IDS_MSIZE_ENV_10" />
        <DefaultLocaleElement StringID="IDS_MSIZE_ENV_MONARCH" />
        <DefaultLocaleElement StringID="IDS_MSIZE_ENV_B5" />
        <DefaultLocaleElement StringID="IDS_MSIZE_ENV_C5" />
        <DefaultLocaleElement StringID="IDS_MSIZE_ENV_DL" />
        <DefaultLocaleElement StringID="IDS_PAPER_TYPE_WTCL" />
        <DefaultLocaleElement StringID="IDS_UNSPECIFIED_TYPE" />
        <DefaultLocaleElement StringID="IDS_PLAIN_TYPE" />
        <DefaultLocaleElement StringID="IDS_HP_ECOFFICIENT" />
        <DefaultLocaleElement StringID="IDS_MTYPE_LJ_LIGHT_60_70" />
        <DefaultLocaleElement StringID="IDS_MTYPE_LJ_INTERMEDIATE_85_95" />
        <DefaultLocaleElement StringID="IDS_MTYPE_LJ_HP_MID_WEIGHT_96_110" />
        <DefaultLocaleElement StringID="IDS_MTYPE_HEAVY_111_130" />
        <DefaultLocaleElement StringID="IDS_MTYPE_EXTRAHEAVY_131_175" />
        <DefaultLocaleElement StringID="IDS_LABELS_TYPE" />
        <DefaultLocaleElement StringID="IDS_LETTERHEAD_TYPE" />
        <DefaultLocaleElement StringID="IDS_MTYPE_ENVELOPE" />
        <DefaultLocaleElement StringID="IDS_PREPRINTED_TYPE" />
        <DefaultLocaleElement StringID="IDS_PREPUNCHED_TYPE" />
        <DefaultLocaleElement StringID="IDS_MTYPE_COLORED" />
        <DefaultLocaleElement StringID="IDS_BOND_TYPE" />
        <DefaultLocaleElement StringID="IDS_RECYCLED_TYPE" />
        <DefaultLocaleElement StringID="IDS_ROUGH_TYPE" />
        <DefaultLocaleElement StringID="IDS_NO" />
        <DefaultLocaleElement StringID="IDS_YES_FLIP_OVER" />
        <DefaultLocaleElement StringID="IDS_FLIP_UP" />
        <DefaultLocaleElement StringID="IDS_FACTORY_DEFAULTS" />
        <DefaultLocaleElement StringID="IDS_GENERAL_EVERYDAY_PRINTING" />
        <DefaultLocaleElement StringID="IDS_ECOSMART_SETTINGS_CSL" />
        <DefaultLocaleElement StringID="IDS_BOOKLET_PRINTING_NOHK" />
        <DefaultLocaleElement StringID="IDS_NO_DUPLEX_MEDIA_SIZE" />
        <DefaultLocaleElement StringID="IDS_OK" />
        <DefaultLocaleElement StringID="IDS_NO_DUPLEX_MEDIA_TYPE" />
        <DefaultLocaleElement StringID="IDS_HP_EASY_COLOR_CSL" />
        <DefaultLocaleElement StringID="IDS_TINT_TESTING" />
        <DefaultLocaleElement StringID="IDS_TINTTESTING_DISABLED" />
        <DefaultLocaleElement StringID="IDS_JPEG_AR_PASSTHROUGH" />
        <DefaultLocaleElement StringID="IDS_RLT_CSC_PASSTHROUGH" />
        <DefaultLocaleElement StringID="IDS_IMAGE_RESAMPLING_PASSTHROUGH" />
        <DefaultLocaleElement StringID="IDS_IMAGE_HEALING_PASSTHROUGH" />
        <DefaultLocaleElement StringID="IDS_OUTPUT_IMAGE_FILETYPE" />
        <DefaultLocaleElement StringID="IDS_RASTER_COMPRESSION" />
        <DefaultLocaleElement StringID="IDS_AUTOMATIC_CE" />
        <DefaultLocaleElement StringID="IDS_PQ_BEST_QUALITY" />
        <DefaultLocaleElement StringID="IDS_MAXIMUM_COMPRESSION" />
        <DefaultLocaleElement StringID="STR_MODEL_NAME" LocalizedString="HP LaserJet Pro M404-M405 (v3)" />
        <DefaultLocaleElement StringID="IDS_ABOUT_HP_COPYRIGHT1" />
        <DefaultLocaleElement StringID="IDS_ABOUT_HP_COPYRIGHT2" />
      </DefaultLocale>
    </UserInterfaceStrings>
    <VendorExtension>
      <oemupdf:HybridRasterInfo BandAlignmentHorizontal="256" BandAlignmentVertical="64" HPReverseScanLinesForDuplex="true" JetReadyVersion="262144" NullStripSkipping="SkipAfterContent" TagPlaneVersion="2" RasterModeDocNames="Microsoft PowerPoint \- .*;.*\.pdf;.*\.ai;.*\.dwg;.*\.dxf;.*\.psd;.*\.qxd;.*\.qxp;.*\.cdr;.*\.cdt;.*\.cdx;.*\.jpg;.*\.jpeg;.*\.png" />
      <mti:Defaults>
        <mti:FixedFont DefaultSetting="Courier" />
        <mti:ProportionalFont DefaultSetting="Helvetica" />
        <mti:FontSize DefaultSetting="10" />
      </mti:Defaults>
    </VendorExtension>
  </PrintCapabilities>
</DeviceCapabilities>